artifact_id,file_name,ext,bytes,modified_utc,sha256_12,category,subtype,experiment_family
cil-0001-cil-native-memory-doctrine-v1-20,CIL_NATIVE_MEMORY_DOCTRINE_v1_2026-03-29s.md,.md,2369,2026-03-29T16:38:19.584783+00:00,54ba940e4798,doctrine,basis_doctrine,misc
cil-0002-consolidated-next-steps-2026-03-,CONSOLIDATED_NEXT_STEPS_2026-03-29ad.md,.md,1322,2026-03-29T16:38:19.462215+00:00,1c61fecf70da,control,next_steps,control_layer
cil-0003-consolidated-next-steps-2026-03-,CONSOLIDATED_NEXT_STEPS_2026-03-29w.md,.md,1025,2026-03-29T16:36:20.096605+00:00,5f351e4efa22,control,next_steps,control_layer
cil-0004-consolidated-next-steps-2026-03-,CONSOLIDATED_NEXT_STEPS_2026-03-29x.md,.md,1255,2026-03-29T16:36:19.811779+00:00,409017ccc6a7,control,next_steps,control_layer
cil-0005-claude-eval,Claude eval.md,.md,57012,2026-03-29T16:36:17.997837+00:00,c344aee81aea,document,markdown,misc
cil-0006-design-synthesis-and-specificati,Design synthesis and specification alignment - Claude (3).mht,.mht,4856214,2026-03-29T16:36:27.237334+00:00,d433f04d310d,source,mht_capture,misc
cil-0007-extract,EXTRACT.md,.md,166527,2026-03-29T16:36:20.711963+00:00,7b52aac18698,control,extraction,control_layer
cil-0008-full-extracted-mht,Full extracted MHT.txt,.txt,343755,2026-03-29T16:36:26.654766+00:00,6ba3d3220ce1,source,text_capture,control_layer
cil-0009-karnos-shadow-addendum-2026-03-2,KarnOS-Shadow-Addendum-2026-03-27a.md,.md,14133,2026-03-29T16:36:27.090908+00:00,52337a99236c,control,addendum,control_layer
cil-0010-karnos-shadow-maintenance-note-2,KarnOS-Shadow-Maintenance-Note-2026-03-27a.md,.md,6533,2026-03-29T16:36:27.337144+00:00,5080e0800b15,document,markdown,control_layer
cil-0011-karnos-shadow-trace-matrix-2026-,KarnOS-Shadow-Trace-Matrix-2026-03-27a.md,.md,10165,2026-03-29T16:36:27.144687+00:00,98c7f95bc855,document,markdown,misc
cil-0012-lab-review-package-manifest-2026,LAB_REVIEW_PACKAGE_MANIFEST_2026-03-29ad.md,.md,1098,2026-03-29T16:38:19.511914+00:00,b5a13d92682d,document,markdown,misc
cil-0013-process-checkpoint-meta-eval-202,PROCESS_CHECKPOINT_META_EVAL_2026-03-29u.md,.md,7846,2026-03-29T16:38:19.608927+00:00,1b5eda3784da,document,markdown,misc
cil-0014-research-corpus-consolidation-no,RESEARCH_CORPUS_CONSOLIDATION_NOTE_2026-03-29s.md,.md,1167,2026-03-29T16:38:19.631381+00:00,9aa0859e1e97,document,markdown,misc
cil-0015-research-lab-index-2026-03-29ad,RESEARCH_LAB_INDEX_2026-03-29ad.md,.md,1176,2026-03-29T16:38:19.485015+00:00,27032c39e4a2,control,index,control_layer
cil-0016-research-lab-index-2026-03-29s,RESEARCH_LAB_INDEX_2026-03-29s.md,.md,512,2026-03-29T16:38:19.694462+00:00,f2814bf831e5,control,index,control_layer
cil-0017-singularity-works-matrix-shadow-,SINGULARITY_WORKS_MATRIX_SHADOW_PROCESS.md,.md,12034,2026-03-29T16:36:27.207714+00:00,f9632fee8827,document,markdown,misc
cil-0018-tq2-adaptive-k2-spec-2026-03-29y,TQ2_ADAPTIVE_K2_SPEC_2026-03-29y.md,.md,428,2026-03-29T16:36:19.701512+00:00,7c84b7ee8087,experiment,spec,latent_reasoning
cil-0019-tq2-adaptive-multi-path-rerun-sp,TQ2_ADAPTIVE_MULTI_PATH_RERUN_SPEC_2026-03-29aa.md,.md,501,2026-03-29T16:36:19.216201+00:00,468f17ca12e4,experiment,spec,route_readout
cil-0020-tq2-benchmark-harness-spec-2026-,TQ2_BENCHMARK_HARNESS_SPEC_2026-03-29b.md,.md,5715,2026-03-29T16:38:21.070648+00:00,2ec1ef921e6c,experiment,spec,runtime_benchmark
cil-0021-tq2-chain-length-sweep-spec-2026,TQ2_CHAIN_LENGTH_SWEEP_SPEC_2026-03-29v.md,.md,487,2026-03-29T16:36:20.183639+00:00,e27e16ff10a3,experiment,spec,latent_reasoning
cil-0022-tq2-cil-addendum-2026-03-29ag,TQ2_CIL_ADDENDUM_2026-03-29ag.md,.md,773,2026-03-29T16:36:17.740463+00:00,295ee5bae04d,control,addendum,control_layer
cil-0023-tq2-cil-current-doc-set-2026-03-,TQ2_CIL_CURRENT_DOC_SET_2026-03-29ag.md,.md,829,2026-03-29T16:36:17.892420+00:00,dcb135486010,control,doc_set,control_layer
cil-0024-tq2-cil-current-doc-set-2026-03-,TQ2_CIL_CURRENT_DOC_SET_2026-03-29ao.md,.md,850,2026-03-29T16:36:15.866585+00:00,e3a15eefc062,control,doc_set,control_layer
cil-0025-tq2-cil-full-extraction-2026-03-,TQ2_CIL_FULL_EXTRACTION_2026-03-29.md,.md,35397,2026-03-29T16:36:18.317777+00:00,4d73955388fc,control,extraction,control_layer
cil-0026-tq2-cil-full-thread-artifacts-20,TQ2_CIL_FULL_THREAD_ARTIFACTS_2026-03-29af.zip,.zip,146136,2026-03-29T16:38:18.867479+00:00,8cfbf3df3eea,package,zip_bundle,misc
cil-0027-tq2-cil-hygiene-pass-2026-03-29a,TQ2_CIL_HYGIENE_PASS_2026-03-29ad.md,.md,1697,2026-03-29T16:38:19.528942+00:00,3e66ceca5fa5,document,markdown,misc
cil-0028-tq2-cil-lab-review-package-curre,TQ2_CIL_LAB_REVIEW_PACKAGE_CURRENT_2026-03-29ad.zip,.zip,21997,2026-03-29T16:36:18.782428+00:00,7bc47be78cf8,package,zip_bundle,misc
cil-0029-tq2-cil-maintenance-note-2026-03,TQ2_CIL_MAINTENANCE_NOTE_2026-03-29ag.md,.md,714,2026-03-29T16:36:17.703891+00:00,99fff7eb0967,control,maintenance,control_layer
cil-0030-tq2-cil-research-crosswalk-2026-,TQ2_CIL_RESEARCH_CROSSWALK_2026-03-29ag.md,.md,1300,2026-03-29T16:36:17.782429+00:00,774bc135ca6e,document,markdown,misc
cil-0031-tq2-cil-restart-doc-set-2026-03-,TQ2_CIL_RESTART_DOC_SET_2026-03-29ag.zip,.zip,5530,2026-03-29T16:36:18.004572+00:00,a32cba3cf942,package,zip_bundle,misc
cil-0032-tq2-cil-revisit-ledger-2026-03-2,TQ2_CIL_REVISIT_LEDGER_2026-03-29ac.md,.md,9833,2026-03-29T16:36:18.943756+00:00,73fb4a908628,control,revisit_ledger,control_layer
cil-0033-tq2-cil-revisit-ledger-2026-03-2,TQ2_CIL_REVISIT_LEDGER_2026-03-29ad.md,.md,12779,2026-03-29T16:38:19.462400+00:00,9202439b4db5,control,revisit_ledger,control_layer
cil-0034-tq2-cil-revisit-ledger-supplemen,TQ2_CIL_REVISIT_LEDGER_SUPPLEMENT_2026-03-29ao.md,.md,766,2026-03-29T16:36:15.472364+00:00,e476470fd0da,control,revisit_ledger,control_layer
cil-0035-tq2-cil-sop-cycle-update-2026-03,TQ2_CIL_SOP_CYCLE_UPDATE_2026-03-29ao.md,.md,829,2026-03-29T16:36:15.499846+00:00,e429549ba7a9,control,sop_update,control_layer
cil-0036-tq2-cil-sop-cycle-update-2026-03,TQ2_CIL_SOP_CYCLE_UPDATE_2026-03-29ap.md,.md,604,2026-03-29T16:36:15.298134+00:00,7b8a74451c07,control,sop_update,control_layer
cil-0037-tq2-cil-sop-cycle-update-2026-03,TQ2_CIL_SOP_CYCLE_UPDATE_2026-03-29aq.md,.md,478,2026-03-29T16:36:15.282311+00:00,1014d4fc3a79,control,sop_update,control_layer
cil-0038-tq2-cil-sop-package-2026-03-29ao,TQ2_CIL_SOP_PACKAGE_2026-03-29ao.zip,.zip,3722,2026-03-29T16:36:15.965435+00:00,b063abd4ebbb,package,zip_bundle,misc
cil-0039-tq2-cil-trace-matrix-2026-03-29a,TQ2_CIL_TRACE_MATRIX_2026-03-29ag.md,.md,1391,2026-03-29T16:36:17.783062+00:00,dd570ae9c3ed,control,trace_matrix,control_layer
cil-0040-tq2-dimension-selective-readout-,TQ2_DIMENSION_SELECTIVE_READOUT_SPEC_2026-03-29aj.md,.md,475,2026-03-29T16:36:17.412130+00:00,9a38b7f24f2d,experiment,spec,route_readout
cil-0041-tq2-dual-head-audit-2026-03-29ag,TQ2_DUAL_HEAD_AUDIT_2026-03-29ag.md,.md,852,2026-03-29T16:36:18.102952+00:00,acce517f8462,document,markdown,route_readout
cil-0042-tq2-dyno-sweep-2026-03-29t,TQ2_DYNO_SWEEP_2026-03-29t.md,.md,774,2026-03-29T16:36:20.632184+00:00,62167852cabf,document,markdown,runtime_benchmark
cil-0043-tq2-integrated-inference-archite,TQ2_INTEGRATED_INFERENCE_ARCHITECTURE_2026-03-29c.md,.md,4680,2026-03-29T16:38:21.095032+00:00,1bf5da9c74cf,document,markdown,misc
cil-0044-tq2-interaction-aware-route-head,TQ2_INTERACTION_AWARE_ROUTE_HEAD_SPEC_2026-03-29ak.md,.md,408,2026-03-29T16:36:16.984765+00:00,c12aae3e162f,experiment,spec,route_readout
cil-0045-tq2-k2-to-k3-macro-micro-spec-20,TQ2_K2_TO_K3_MACRO_MICRO_SPEC_2026-03-29an.md,.md,442,2026-03-29T16:36:16.032964+00:00,b3e918804a71,experiment,spec,k2_k3
cil-0046-tq2-k3-route-preserver-spec-2026,TQ2_K3_ROUTE_PRESERVER_SPEC_2026-03-29am.md,.md,504,2026-03-29T16:36:16.823010+00:00,fc4b379ffcb2,experiment,spec,k2_k3
cil-0047-tq2-latent-criticality-map-spec-,TQ2_LATENT_CRITICALITY_MAP_SPEC_2026-03-29af.md,.md,588,2026-03-29T16:38:18.904764+00:00,da0f40d045d0,experiment,spec,latent_reasoning
cil-0048-tq2-latent-kept-sequence-pass-20,TQ2_LATENT_KEPT_SEQUENCE_PASS_2026-03-29q.md,.md,586,2026-03-29T16:38:20.155051+00:00,d59e3ce345cc,document,markdown,latent_reasoning
cil-0049-tq2-latent-state-probe-spec-2026,TQ2_LATENT_STATE_PROBE_SPEC_2026-03-29ab.md,.md,525,2026-03-29T16:36:19.395195+00:00,fe39528589d5,experiment,spec,route_readout
cil-0050-tq2-latent-verify-branch-2026-03,TQ2_LATENT_VERIFY_BRANCH_2026-03-29r.md,.md,668,2026-03-29T16:36:20.658684+00:00,46264bf1f7ba,document,markdown,latent_reasoning
cil-0051-tq2-multiplane-sequence-encoder-,TQ2_MULTIPLANE_SEQUENCE_ENCODER_V4_2026-03-29j.md,.md,774,2026-03-29T16:36:22.791611+00:00,edc2cb92b404,document,markdown,misc
cil-0052-tq2-multi-path-latent-benchmark-,TQ2_MULTI_PATH_LATENT_BENCHMARK_SPEC_2026-03-29z.md,.md,606,2026-03-29T16:36:19.298824+00:00,8c4d927bbf52,experiment,spec,route_readout
cil-0053-tq2-object-grammar-2026-03-29b,TQ2_OBJECT_GRAMMAR_2026-03-29b.md,.md,7873,2026-03-29T16:38:21.072170+00:00,23d138699ea5,document,markdown,misc
cil-0054-tq2-rb2r-mixed-task-wave-2026-03,TQ2_RB2R_mixed_task_wave_2026-03-29d.csv,.csv,2506,2026-03-29T16:38:20.882945+00:00,8d67bab9b104,result,table_csv,runtime_benchmark
cil-0055-tq2-rb2r-mixed-task-wave-confusi,TQ2_RB2R_mixed_task_wave_confusions_2026-03-29d.json,.json,4988,2026-03-29T16:38:20.915758+00:00,ee491a0b25f3,result,json,runtime_benchmark
cil-0056-tq2-rb2r-mixed-task-wave-report-,TQ2_RB2R_mixed_task_wave_report_2026-03-29d.md,.md,4138,2026-03-29T16:38:20.873899+00:00,623253dbd399,experiment,report,runtime_benchmark
cil-0057-tq2-rb2r-v2-confusions-2026-03-2,TQ2_RB2R_v2_confusions_2026-03-29e.json,.json,4922,2026-03-29T16:36:25.196342+00:00,a4e01c9af471,result,json,runtime_benchmark
cil-0058-tq2-rb2r-v2-mixed-task-wave-2026,TQ2_RB2R_v2_mixed_task_wave_2026-03-29e.csv,.csv,2132,2026-03-29T16:36:25.469730+00:00,a2e2f6f7c6f2,result,table_csv,runtime_benchmark
cil-0059-tq2-rb2r-v2-mixed-task-wave-repo,TQ2_RB2R_v2_mixed_task_wave_report_2026-03-29e.md,.md,3795,2026-03-29T16:36:25.316870+00:00,56785aad5693,experiment,report,runtime_benchmark
cil-0060-tq2-rb2r-v3-confusions-2026-03-2,TQ2_RB2R_v3_confusions_2026-03-29f.json,.json,4772,2026-03-29T16:38:20.892099+00:00,ae4e5ab8d58b,result,json,runtime_benchmark
cil-0061-tq2-rb2r-v3-mixed-task-wave-2026,TQ2_RB2R_v3_mixed_task_wave_2026-03-29f.csv,.csv,2080,2026-03-29T16:38:20.820992+00:00,06f337caa721,result,table_csv,runtime_benchmark
cil-0062-tq2-rb2r-v3-mixed-task-wave-repo,TQ2_RB2R_v3_mixed_task_wave_report_2026-03-29f.md,.md,3674,2026-03-29T16:38:20.595575+00:00,e67dea9a2837,experiment,report,runtime_benchmark
cil-0063-tq2-recurrent-carry-encoder-v5-2,TQ2_RECURRENT_CARRY_ENCODER_V5_2026-03-29k.md,.md,683,2026-03-29T16:36:22.520009+00:00,315dad4a38ed,document,markdown,misc
cil-0064-tq2-recursive-validation-pass-sp,TQ2_RECURSIVE_VALIDATION_PASS_SPEC_2026-03-29al.md,.md,591,2026-03-29T16:36:16.900864+00:00,8896c826f53b,experiment,spec,misc
cil-0065-tq2-reference-semantics-report-2,TQ2_REFERENCE_SEMANTICS_REPORT_2026-03-29d.md,.md,1552,2026-03-29T16:38:20.994459+00:00,959fb32c08eb,experiment,report,misc
cil-0066-tq2-restarted-next-steps-2026-03,TQ2_RESTARTED_NEXT_STEPS_2026-03-29ag.md,.md,687,2026-03-29T16:36:17.952470+00:00,d34a70691897,control,next_steps,control_layer
cil-0067-tq2-restarted-next-steps-2026-03,TQ2_RESTARTED_NEXT_STEPS_2026-03-29ah.md,.md,711,2026-03-29T16:36:17.782344+00:00,8ec29200c000,control,next_steps,control_layer
cil-0068-tq2-restarted-next-steps-2026-03,TQ2_RESTARTED_NEXT_STEPS_2026-03-29ai.md,.md,742,2026-03-29T16:36:17.466240+00:00,6133dcfc688d,control,next_steps,control_layer
cil-0069-tq2-restarted-next-steps-2026-03,TQ2_RESTARTED_NEXT_STEPS_2026-03-29aj.md,.md,766,2026-03-29T16:36:17.362633+00:00,17ef70b11bf6,control,next_steps,control_layer
cil-0070-tq2-restarted-next-steps-2026-03,TQ2_RESTARTED_NEXT_STEPS_2026-03-29ak.md,.md,574,2026-03-29T16:36:17.246984+00:00,ecb96116c423,control,next_steps,control_layer
cil-0071-tq2-restarted-next-steps-2026-03,TQ2_RESTARTED_NEXT_STEPS_2026-03-29al.md,.md,912,2026-03-29T16:36:16.982265+00:00,6e9daad1c65c,control,next_steps,control_layer
cil-0072-tq2-restarted-next-steps-2026-03,TQ2_RESTARTED_NEXT_STEPS_2026-03-29am.md,.md,815,2026-03-29T16:36:16.900996+00:00,16d743f0e5ea,control,next_steps,control_layer
cil-0073-tq2-restarted-next-steps-2026-03,TQ2_RESTARTED_NEXT_STEPS_2026-03-29an.md,.md,938,2026-03-29T16:36:16.147647+00:00,c2e0e99ebf7d,control,next_steps,control_layer
cil-0074-tq2-restarted-next-steps-2026-03,TQ2_RESTARTED_NEXT_STEPS_2026-03-29ao.md,.md,882,2026-03-29T16:36:15.931645+00:00,0faa954fca07,control,next_steps,control_layer
cil-0075-tq2-restarted-next-steps-2026-03,TQ2_RESTARTED_NEXT_STEPS_2026-03-29ap.md,.md,913,2026-03-29T16:36:15.389647+00:00,f7a46ae976b2,control,next_steps,control_layer
cil-0076-tq2-restarted-next-steps-2026-03,TQ2_RESTARTED_NEXT_STEPS_2026-03-29aq.md,.md,898,2026-03-29T16:36:15.386765+00:00,17349c562605,control,next_steps,control_layer
cil-0077-tq2-route-aware-dual-head-spec-2,TQ2_ROUTE_AWARE_DUAL_HEAD_SPEC_2026-03-29ae.md,.md,570,2026-03-29T16:36:19.999184+00:00,92412510d8af,experiment,spec,route_readout
cil-0078-tq2-regimecache-inspiration-note,TQ2_RegimeCache_Inspiration_Note_2026-03-29l.md,.md,703,2026-03-29T16:36:21.910391+00:00,391a737b4c6b,document,markdown,misc
cil-0079-tq2-stepwise-multi-path-separabi,TQ2_STEPWISE_MULTI_PATH_SEPARABILITY_SPEC_2026-03-29ah.md,.md,537,2026-03-29T16:36:17.522077+00:00,ca7eaf48c47f,experiment,spec,route_readout
cil-0080-tq2-text-encoder-v2-2026-03-29g,TQ2_TEXT_ENCODER_V2_2026-03-29g.md,.md,1038,2026-03-29T16:36:24.289853+00:00,fcfa6e546585,document,markdown,text_path
cil-0081-tq2-text-encoder-v3-sequence-202,TQ2_TEXT_ENCODER_V3_SEQUENCE_2026-03-29i.md,.md,816,2026-03-29T16:36:23.382536+00:00,6d5566c94d6a,document,markdown,text_path
cil-0082-tq2-text-transform-family-ablati,TQ2_TEXT_TRANSFORM_FAMILY_ABLATION_SPEC_2026-03-29ao.md,.md,452,2026-03-29T16:36:15.984546+00:00,589e5bdd21f5,experiment,spec,text_path
cil-0083-tq2-tiny-mlp-baseline-spec-2026-,TQ2_TINY_MLP_BASELINE_SPEC_2026-03-29ap.md,.md,681,2026-03-29T16:36:15.393839+00:00,e8c75fb44835,experiment,spec,misc
cil-0084-tq2-toy-distillation-spec-2026-0,TQ2_TOY_DISTILLATION_SPEC_2026-03-29aq.md,.md,446,2026-03-29T16:36:15.223812+00:00,96847319fb89,experiment,spec,project_a_distillation
cil-0085-tq2-unified-ontology-v1-2026-03-,TQ2_UNIFIED_ONTOLOGY_v1_2026-03-29w.md,.md,3510,2026-03-29T16:38:19.639597+00:00,c61868204881,control,ontology,control_layer
cil-0086-tq2-z-maybe-gate-drop-spec-2026-,TQ2_Z_MAYBE_GATE_DROP_SPEC_2026-03-29ai.md,.md,488,2026-03-29T16:36:17.408064+00:00,5bc5945998ba,experiment,spec,route_readout
cil-0087-tq2-adaptive-k2-sweep-2026-03-29,TQ2_adaptive_k2_sweep_2026-03-29y.csv,.csv,470,2026-03-29T16:36:19.701212+00:00,746899666cd2,result,table_csv,latent_reasoning
cil-0088-tq2-adaptive-k2-sweep-confusions,TQ2_adaptive_k2_sweep_confusions_2026-03-29y.json,.json,2497,2026-03-29T16:36:19.637760+00:00,22e640c950c2,result,json,latent_reasoning
cil-0089-tq2-adaptive-k2-sweep-report-202,TQ2_adaptive_k2_sweep_report_2026-03-29y.md,.md,1664,2026-03-29T16:38:19.660299+00:00,82e8ff5bb14b,experiment,report,latent_reasoning
cil-0090-tq2-adaptive-multi-path-rerun-20,TQ2_adaptive_multi_path_rerun_2026-03-29aa.csv,.csv,496,2026-03-29T16:36:19.215466+00:00,c3d965d3a929,result,table_csv,route_readout
cil-0091-tq2-adaptive-multi-path-rerun-co,TQ2_adaptive_multi_path_rerun_confusions_2026-03-29aa.json,.json,2936,2026-03-29T16:36:19.305319+00:00,7f18eac38638,result,json,route_readout
cil-0092-tq2-adaptive-multi-path-rerun-re,TQ2_adaptive_multi_path_rerun_report_2026-03-29aa.md,.md,973,2026-03-29T16:38:19.618887+00:00,f0a4a94b805e,experiment,report,route_readout
cil-0093-tq2-calibrated-abstention-note-2,TQ2_calibrated_abstention_note_2026-03-29n.md,.md,280,2026-03-29T16:38:20.275539+00:00,837dd927c6ac,document,markdown,misc
cil-0094-tq2-calibrated-abstention-probe-,TQ2_calibrated_abstention_probe_2026-03-29n.csv,.csv,393,2026-03-29T16:38:20.399771+00:00,c1dbfaf5e8b8,result,table_csv,misc
cil-0095-tq2-calibrated-abstention-probe-,TQ2_calibrated_abstention_probe_2026-03-29n.md,.md,1583,2026-03-29T16:38:20.317936+00:00,f0f350f32bff,document,markdown,misc
cil-0096-tq2-calibrated-abstention-probe-,TQ2_calibrated_abstention_probe_confusions_2026-03-29n.json,.json,4781,2026-03-29T16:38:20.387872+00:00,14557aa6188d,result,json,misc
cil-0097-tq2-carry-drift-abstention-note-,TQ2_carry_drift_abstention_note_2026-03-29p.md,.md,368,2026-03-29T16:36:21.189427+00:00,a9e9c038cb73,document,markdown,misc
cil-0098-tq2-carry-drift-abstention-probe,TQ2_carry_drift_abstention_probe_2026-03-29p.csv,.csv,397,2026-03-29T16:36:21.292210+00:00,b0d045820aff,result,table_csv,misc
cil-0099-tq2-carry-drift-abstention-probe,TQ2_carry_drift_abstention_probe_2026-03-29p.md,.md,1584,2026-03-29T16:36:21.232073+00:00,d25af4cd6ca9,document,markdown,misc
cil-0100-tq2-carry-drift-abstention-probe,TQ2_carry_drift_abstention_probe_confusions_2026-03-29p.json,.json,4785,2026-03-29T16:36:21.288512+00:00,59acc2c409b2,result,json,misc
cil-0101-tq2-dimension-selective-readout-,TQ2_dimension_selective_readout_2026-03-29aj.csv,.csv,834,2026-03-29T16:38:18.831020+00:00,b032b3284cc9,result,table_csv,route_readout
cil-0102-tq2-dimension-selective-readout-,TQ2_dimension_selective_readout_report_2026-03-29aj.md,.md,2957,2026-03-29T16:38:18.788733+00:00,18e82e105219,experiment,report,route_readout
cil-0103-tq2-dimension-selective-readout-,TQ2_dimension_selective_readout_step3plus_2026-03-29aj.csv,.csv,875,2026-03-29T16:36:17.299180+00:00,23c72bc9c6a2,result,table_csv,route_readout
cil-0104-tq2-dyno-sweep-2026-03-29t,TQ2_dyno_sweep_2026-03-29t.csv,.csv,697,2026-03-29T16:36:20.598342+00:00,74f0adbdad7d,result,table_csv,runtime_benchmark
cil-0105-tq2-dyno-sweep-confusions-2026-0,TQ2_dyno_sweep_confusions_2026-03-29t.json,.json,3603,2026-03-29T16:36:20.618948+00:00,5a84d1bfc213,result,json,runtime_benchmark
cil-0106-tq2-dyno-sweep-report-2026-03-29,TQ2_dyno_sweep_report_2026-03-29t.md,.md,1982,2026-03-29T16:38:19.588143+00:00,bf4e661cd47d,experiment,report,runtime_benchmark
cil-0107-tq2-family-step-abstention-note-,TQ2_family_step_abstention_note_2026-03-29o.md,.md,357,2026-03-29T16:38:20.210655+00:00,9be9bad31369,document,markdown,misc
cil-0108-tq2-family-step-abstention-probe,TQ2_family_step_abstention_probe_2026-03-29o.csv,.csv,365,2026-03-29T16:38:20.308911+00:00,1dc35d042d15,result,table_csv,misc
cil-0109-tq2-family-step-abstention-probe,TQ2_family_step_abstention_probe_2026-03-29o.md,.md,1490,2026-03-29T16:38:20.263960+00:00,a955c65cc96c,document,markdown,misc
cil-0110-tq2-family-step-abstention-probe,TQ2_family_step_abstention_probe_confusions_2026-03-29o.json,.json,5770,2026-03-29T16:38:20.291400+00:00,2987c936ffee,result,json,misc
cil-0111-tq2-interaction-aware-route-head,TQ2_interaction_aware_route_head_2026-03-29ak.csv,.csv,722,2026-03-29T16:38:18.882579+00:00,97fe92cb7259,result,table_csv,route_readout
cil-0112-tq2-interaction-aware-route-head,TQ2_interaction_aware_route_head_report_2026-03-29ak.md,.md,2367,2026-03-29T16:38:18.760265+00:00,2234bff89a5b,experiment,report,route_readout
cil-0113-tq2-interaction-aware-route-head,TQ2_interaction_aware_route_head_step3plus_2026-03-29ak.csv,.csv,820,2026-03-29T16:36:17.284531+00:00,563ccf829b8e,result,table_csv,route_readout
cil-0114-tq2-k2-chain-length-sweep-2026-0,TQ2_k2_chain_length_sweep_2026-03-29v.csv,.csv,910,2026-03-29T16:36:20.155175+00:00,5782704af012,result,table_csv,latent_reasoning
cil-0115-tq2-k2-chain-length-sweep-confus,TQ2_k2_chain_length_sweep_confusions_2026-03-29v.json,.json,7529,2026-03-29T16:36:20.293411+00:00,cdee5b40d2a9,result,json,latent_reasoning
cil-0116-tq2-k2-chain-length-sweep-report,TQ2_k2_chain_length_sweep_report_2026-03-29v.md,.md,2191,2026-03-29T16:36:20.202738+00:00,61f645e9f43f,experiment,report,latent_reasoning
cil-0117-tq2-k2-to-k3-macro-micro-2026-03,TQ2_k2_to_k3_macro_micro_2026-03-29an.csv,.csv,1532,2026-03-29T16:36:16.041363+00:00,aa9d65253e04,result,table_csv,k2_k3
cil-0118-tq2-k2-to-k3-macro-micro-report-,TQ2_k2_to_k3_macro_micro_report_2026-03-29an.md,.md,1960,2026-03-29T16:36:16.054381+00:00,84ead5936bfc,experiment,report,k2_k3
cil-0119-tq2-k2-to-k3-summary-2026-03-29x,TQ2_k2_to_k3_summary_2026-03-29x.csv,.csv,348,2026-03-29T16:36:19.853100+00:00,5642b20c9eec,result,table_csv,k2_k3
cil-0120-tq2-k2-to-k3-summary-confusions-,TQ2_k2_to_k3_summary_confusions_2026-03-29x.json,.json,1879,2026-03-29T16:36:19.887141+00:00,4da246b8751f,result,json,k2_k3
cil-0121-tq2-k2-to-k3-summary-report-2026,TQ2_k2_to_k3_summary_report_2026-03-29x.md,.md,1402,2026-03-29T16:36:19.800913+00:00,bd3ff644673f,experiment,report,k2_k3
cil-0122-tq2-k3-route-preserver-2026-03-2,TQ2_k3_route_preserver_2026-03-29am.csv,.csv,620,2026-03-29T16:36:16.819519+00:00,58807554e674,result,table_csv,k2_k3
cil-0123-tq2-k3-route-preserver-report-20,TQ2_k3_route_preserver_report_2026-03-29am.md,.md,2412,2026-03-29T16:38:18.866824+00:00,1b402cae6f91,experiment,report,k2_k3
cil-0124-tq2-k3-route-preserver-step3plus,TQ2_k3_route_preserver_step3plus_2026-03-29am.csv,.csv,783,2026-03-29T16:36:16.832521+00:00,9cbd18c23d2f,result,table_csv,k2_k3
cil-0125-tq2-latent-criticality-map-2026-,TQ2_latent_criticality_map_2026-03-29af.csv,.csv,307,2026-03-29T16:38:19.466535+00:00,fb2d2d3c9e38,result,table_csv,latent_reasoning
cil-0126-tq2-latent-criticality-map-repor,TQ2_latent_criticality_map_report_2026-03-29af.md,.md,1265,2026-03-29T16:38:18.928633+00:00,717955c091bc,experiment,report,latent_reasoning
cil-0127-tq2-latent-final-only-largern-20,TQ2_latent_final_only_largerN_2026-03-29al.csv,.csv,348,2026-03-29T16:38:18.882563+00:00,002cf808da9a,result,table_csv,latent_reasoning
cil-0128-tq2-latent-kept-sequence-pass-20,TQ2_latent_kept_sequence_pass_2026-03-29q.csv,.csv,393,2026-03-29T16:38:20.114487+00:00,1986f907b746,result,table_csv,latent_reasoning
cil-0129-tq2-latent-kept-sequence-pass-co,TQ2_latent_kept_sequence_pass_confusions_2026-03-29q.json,.json,2126,2026-03-29T16:36:21.161476+00:00,7987f3e02da4,result,json,latent_reasoning
cil-0130-tq2-latent-kept-sequence-pass-re,TQ2_latent_kept_sequence_pass_report_2026-03-29q.md,.md,1424,2026-03-29T16:38:20.125279+00:00,98a6ea74a77c,experiment,report,latent_reasoning
cil-0131-tq2-latent-state-probe-report-20,TQ2_latent_state_probe_report_2026-03-29ab.md,.md,2729,2026-03-29T16:38:19.532378+00:00,62b07dfcddd2,experiment,report,route_readout
cil-0132-tq2-latent-verify-branch-2026-03,TQ2_latent_verify_branch_2026-03-29r.csv,.csv,537,2026-03-29T16:36:20.808486+00:00,dd8ee4da64d1,result,table_csv,latent_reasoning
cil-0133-tq2-latent-verify-branch-confusi,TQ2_latent_verify_branch_confusions_2026-03-29r.json,.json,2436,2026-03-29T16:36:20.887875+00:00,4b17e0a16a47,result,json,latent_reasoning
cil-0134-tq2-latent-verify-branch-report-,TQ2_latent_verify_branch_report_2026-03-29r.md,.md,1671,2026-03-29T16:38:20.130125+00:00,b103d47cec89,experiment,report,latent_reasoning
cil-0135-tq2-minimal-nextchar-probe-2026-,TQ2_minimal_nextchar_probe_2026-03-29h.csv,.csv,294,2026-03-29T16:36:23.994406+00:00,5b19479ef5f6,result,table_csv,text_path
cil-0136-tq2-minimal-nextchar-probe-confu,TQ2_minimal_nextchar_probe_confusions_2026-03-29h.json,.json,6667,2026-03-29T16:36:24.097674+00:00,01e136bfd01e,result,json,text_path
cil-0137-tq2-minimal-nextchar-probe-repor,TQ2_minimal_nextchar_probe_report_2026-03-29h.md,.md,1229,2026-03-29T16:36:23.899581+00:00,0b62980a41db,experiment,report,text_path
cil-0138-tq2-multi-path-latent-benchmark-,TQ2_multi_path_latent_benchmark_2026-03-29z.csv,.csv,343,2026-03-29T16:36:19.503515+00:00,f25e69bad469,result,table_csv,route_readout
cil-0139-tq2-multi-path-latent-benchmark-,TQ2_multi_path_latent_benchmark_confusions_2026-03-29z.json,.json,3099,2026-03-29T16:36:19.503603+00:00,af582401cf73,result,json,route_readout
cil-0140-tq2-multi-path-latent-benchmark-,TQ2_multi_path_latent_benchmark_report_2026-03-29z.md,.md,1169,2026-03-29T16:36:19.501686+00:00,d97ff6960e98,experiment,report,route_readout
cil-0141-tq2-nextchar-encoder-v2-v3-compa,TQ2_nextchar_encoder_v2_v3_comparison_2026-03-29i.csv,.csv,649,2026-03-29T16:36:23.388443+00:00,4ad510748cec,result,table_csv,text_path
cil-0142-tq2-nextchar-encoder-v2-v3-confu,TQ2_nextchar_encoder_v2_v3_confusions_2026-03-29i.json,.json,14940,2026-03-29T16:36:23.385222+00:00,3e350f94661a,result,json,text_path
cil-0143-tq2-nextchar-encoder-v2-v3-repor,TQ2_nextchar_encoder_v2_v3_report_2026-03-29i.md,.md,2401,2026-03-29T16:36:23.286238+00:00,5b255660e0a3,experiment,report,text_path
cil-0144-tq2-nextchar-multiplane-v4-vs-re,TQ2_nextchar_multiplane_v4_vs_recurrent_v5_2026-03-29k.csv,.csv,389,2026-03-29T16:36:22.637488+00:00,c8488b73ac4a,result,table_csv,text_path
cil-0145-tq2-nextchar-multiplane-v4-vs-re,TQ2_nextchar_multiplane_v4_vs_recurrent_v5_confusions_2026-03-29k.json,.json,7855,2026-03-29T16:36:22.588455+00:00,eb1d19cbee45,result,json,text_path
cil-0146-tq2-nextchar-multiplane-v4-vs-re,TQ2_nextchar_multiplane_v4_vs_recurrent_v5_report_2026-03-29k.md,.md,1959,2026-03-29T16:36:22.648495+00:00,2b014ccde280,experiment,report,text_path
cil-0147-tq2-nextchar-singleplane-v3-vs-m,TQ2_nextchar_singleplane_v3_vs_multiplane_v4_2026-03-29j.csv,.csv,538,2026-03-29T16:36:22.927013+00:00,1f907f1c8b2b,result,table_csv,text_path
cil-0148-tq2-nextchar-singleplane-v3-vs-m,TQ2_nextchar_singleplane_v3_vs_multiplane_v4_confusions_2026-03-29j.json,.json,11711,2026-03-29T16:36:22.895188+00:00,87cd7aa6d9ed,result,json,text_path
cil-0149-tq2-nextchar-singleplane-v3-vs-m,TQ2_nextchar_singleplane_v3_vs_multiplane_v4_report_2026-03-29j.md,.md,2139,2026-03-29T16:36:22.820699+00:00,387eb7d878c6,experiment,report,text_path
cil-0150-tq2-offset-k2-k3-2026-03-29w,TQ2_offset_k2_k3_2026-03-29w.csv,.csv,446,2026-03-29T16:36:20.002618+00:00,a2aa3033b80c,result,table_csv,k2_k3
cil-0151-tq2-offset-k2-k3-confusions-2026,TQ2_offset_k2_k3_confusions_2026-03-29w.json,.json,2479,2026-03-29T16:36:19.995146+00:00,91148434b32f,result,json,k2_k3
cil-0152-tq2-offset-k2-k3-report-2026-03-,TQ2_offset_k2_k3_report_2026-03-29w.md,.md,1518,2026-03-29T16:36:19.957449+00:00,0ef2987bc710,experiment,report,k2_k3
cil-0153-tq2-ood-recurrence-refresh-note-,TQ2_ood_recurrence_refresh_note_2026-03-29m.md,.md,414,2026-03-29T16:36:21.929165+00:00,dcf2252c1682,document,markdown,text_path
cil-0154-tq2-ood-recurrence-refresh-probe,TQ2_ood_recurrence_refresh_probe_2026-03-29m.csv,.csv,468,2026-03-29T16:36:21.883960+00:00,2aea37468de7,result,table_csv,text_path
cil-0155-tq2-ood-recurrence-refresh-probe,TQ2_ood_recurrence_refresh_probe_2026-03-29m.md,.md,1775,2026-03-29T16:36:21.868262+00:00,137888aad3f7,document,markdown,text_path
cil-0156-tq2-ood-recurrence-refresh-probe,TQ2_ood_recurrence_refresh_probe_confusions_2026-03-29m.json,.json,5585,2026-03-29T16:36:21.908373+00:00,f38b2de8620c,result,json,text_path
cil-0157-tq2-recurrent-refresh-reuse-prob,TQ2_recurrent_refresh_reuse_probe_2026-03-29l.csv,.csv,347,2026-03-29T16:36:22.010242+00:00,820f29b089ca,result,table_csv,misc
cil-0158-tq2-recurrent-refresh-reuse-prob,TQ2_recurrent_refresh_reuse_probe_2026-03-29l.md,.md,1307,2026-03-29T16:36:22.009722+00:00,2c39cd94288a,document,markdown,misc
cil-0159-tq2-recurrent-refresh-reuse-prob,TQ2_recurrent_refresh_reuse_probe_confusions_2026-03-29l.json,.json,7082,2026-03-29T16:36:21.989665+00:00,7c7181f8448b,result,json,misc
cil-0160-tq2-recursive-validation-matrix-,TQ2_recursive_validation_matrix_2026-03-29al.csv,.csv,386,2026-03-29T16:38:18.821455+00:00,1a1ea212e862,result,table_csv,misc
cil-0161-tq2-recursive-validation-pass-re,TQ2_recursive_validation_pass_report_2026-03-29al.md,.md,2379,2026-03-29T16:38:18.838796+00:00,7f9715ed91fd,experiment,report,misc
cil-0162-tq2-recursive-validation-phase-2,TQ2_recursive_validation_phase_2026-03-29al.csv,.csv,208,2026-03-29T16:36:16.923809+00:00,2a79247a2137,result,table_csv,misc
cil-0163-tq2-route-aware-dual-head-2026-0,TQ2_route_aware_dual_head_2026-03-29ae.csv,.csv,350,2026-03-29T16:36:18.985176+00:00,e3a1b33d9563,result,table_csv,route_readout
cil-0164-tq2-route-aware-dual-head-report,TQ2_route_aware_dual_head_report_2026-03-29ae.md,.md,1037,2026-03-29T16:36:18.855203+00:00,a94bffd98ae3,experiment,report,route_readout
cil-0165-tq2-stepwise-multi-path-phase-su,TQ2_stepwise_multi_path_phase_summary_2026-03-29ah.csv,.csv,211,2026-03-29T16:38:18.887741+00:00,bc77ffe9622b,result,table_csv,route_readout
cil-0166-tq2-stepwise-multi-path-separabi,TQ2_stepwise_multi_path_separability_2026-03-29ah.csv,.csv,2317,2026-03-29T16:36:17.741717+00:00,6c86c4ebcf53,result,table_csv,route_readout
cil-0167-tq2-stepwise-multi-path-separabi,TQ2_stepwise_multi_path_separability_report_2026-03-29ah.md,.md,6245,2026-03-29T16:38:18.812428+00:00,061df69708e8,experiment,report,route_readout
cil-0168-tq2-structurally-distinct-route-,TQ2_structurally_distinct_route_readout_2026-03-29ag.csv,.csv,325,2026-03-29T16:36:18.319258+00:00,2ea6d5b25116,result,table_csv,route_readout
cil-0169-tq2-structurally-distinct-route-,TQ2_structurally_distinct_route_readout_report_2026-03-29ag.md,.md,1367,2026-03-29T16:36:18.300466+00:00,83fe462f3648,experiment,report,route_readout
cil-0170-tq2-structurally-distinct-route-,TQ2_structurally_distinct_route_readout_step3plus_2026-03-29ag.csv,.csv,124,2026-03-29T16:36:18.210763+00:00,3fbc4d60b285,result,table_csv,route_readout
cil-0171-tq2-substrate-probe-report,TQ2_substrate_probe_report.md,.md,3960,2026-03-29T16:38:21.090348+00:00,40948c0d9c2d,experiment,report,misc
cil-0172-tq2-text-ood-probe-2026-03-29h,TQ2_text_ood_probe_2026-03-29h.csv,.csv,430,2026-03-29T16:36:23.702424+00:00,c88a1318f95a,result,table_csv,text_path
cil-0173-tq2-text-ood-probe-confusions-20,TQ2_text_ood_probe_confusions_2026-03-29h.json,.json,7207,2026-03-29T16:36:23.811213+00:00,3215507f8d5a,result,json,text_path
cil-0174-tq2-text-ood-probe-report-2026-0,TQ2_text_ood_probe_report_2026-03-29h.md,.md,1420,2026-03-29T16:36:23.599329+00:00,a6e50d1a459e,experiment,report,text_path
cil-0175-tq2-text-transform-family-ablati,TQ2_text_transform_family_ablation_2026-03-29ao.csv,.csv,874,2026-03-29T16:36:16.002655+00:00,17a9faeb2a10,result,table_csv,text_path
cil-0176-tq2-text-transform-family-ablati,TQ2_text_transform_family_ablation_report_2026-03-29ao.md,.md,1473,2026-03-29T16:36:15.962558+00:00,4b8c77c991d9,experiment,report,text_path
cil-0177-tq2-tiny-mlp-baseline-raw-2026-0,TQ2_tiny_mlp_baseline_raw_2026-03-29ap.csv,.csv,4258,2026-03-29T16:36:15.362415+00:00,71a7d03f71a8,result,table_csv,misc
cil-0178-tq2-tiny-mlp-baseline-report-202,TQ2_tiny_mlp_baseline_report_2026-03-29ap.md,.md,2669,2026-03-29T16:36:15.429430+00:00,92ab8e75eb1a,experiment,report,misc
cil-0179-tq2-tiny-mlp-baseline-summary-20,TQ2_tiny_mlp_baseline_summary_2026-03-29ap.csv,.csv,587,2026-03-29T16:36:15.389180+00:00,c0bb17de42dc,result,table_csv,misc
cil-0180-tq2-tiny-mlp-vs-branch-compare-2,TQ2_tiny_mlp_vs_branch_compare_2026-03-29ap.csv,.csv,1019,2026-03-29T16:36:15.407353+00:00,57b04964706f,result,table_csv,misc
cil-0181-tq2-toy-distillation-quant-detai,TQ2_toy_distillation_quant_details_2026-03-29aq.csv,.csv,969,2026-03-29T16:36:15.282327+00:00,fa2b03131f6f,result,table_csv,project_a_distillation
cil-0182-tq2-toy-distillation-report-2026,TQ2_toy_distillation_report_2026-03-29aq.md,.md,3756,2026-03-29T16:36:15.233114+00:00,4aa9f5ede58b,experiment,report,project_a_distillation
cil-0183-tq2-toy-distillation-results-202,TQ2_toy_distillation_results_2026-03-29aq.csv,.csv,1088,2026-03-29T16:36:15.256910+00:00,2b637d00b5e7,result,table_csv,project_a_distillation
cil-0184-tq2-z80-text-probe-2026-03-29f,TQ2_z80_text_probe_2026-03-29f.csv,.csv,384,2026-03-29T16:36:24.922966+00:00,9f67876e879e,result,table_csv,text_path
cil-0185-tq2-z80-text-probe-confusions-20,TQ2_z80_text_probe_confusions_2026-03-29f.json,.json,5579,2026-03-29T16:36:25.029959+00:00,248a2b182dbf,result,json,text_path
cil-0186-tq2-z80-text-probe-report-2026-0,TQ2_z80_text_probe_report_2026-03-29f.md,.md,2543,2026-03-29T16:36:24.888602+00:00,8b79dffae604,experiment,report,text_path
cil-0187-tq2-z80-text-probe-v1-v2-compari,TQ2_z80_text_probe_v1_v2_comparison_2026-03-29g.csv,.csv,704,2026-03-29T16:36:24.222591+00:00,9b77bea21858,result,table_csv,text_path
cil-0188-tq2-z80-text-probe-v1-v2-confusi,TQ2_z80_text_probe_v1_v2_confusions_2026-03-29g.json,.json,10120,2026-03-29T16:36:24.382854+00:00,91c2b7fccd47,result,json,text_path
cil-0189-tq2-z80-text-probe-v1-v2-report-,TQ2_z80_text_probe_v1_v2_report_2026-03-29g.md,.md,3048,2026-03-29T16:36:24.308479+00:00,1bf0a49c10cc,experiment,report,text_path
cil-0190-tq2-z-maybe-gate-drop-2026-03-29,TQ2_z_maybe_gate_drop_2026-03-29ai.csv,.csv,948,2026-03-29T16:38:18.779558+00:00,78d7d0d5d587,result,table_csv,route_readout
cil-0191-tq2-z-maybe-gate-drop-report-202,TQ2_z_maybe_gate_drop_report_2026-03-29ai.md,.md,3248,2026-03-29T16:38:18.891202+00:00,4fe6d5f725fb,experiment,report,route_readout
cil-0192-tq2-z-maybe-gate-drop-step3plus-,TQ2_z_maybe_gate_drop_step3plus_2026-03-29ai.csv,.csv,1031,2026-03-29T16:36:17.591138+00:00,4801dbd19e46,result,table_csv,route_readout
cil-0193-tech-concept-evaluation,Tech Concept Evaluation.mht,.mht,10590635,2026-03-29T16:36:18.154341+00:00,4dc272a127d0,source,mht_capture,misc
cil-0194-ternary-weight-and-inference-the,Ternary Weight and Inference thesis.txt,.txt,14821,2026-03-29T16:36:27.207164+00:00,a3a94f218d92,source,text_capture,misc
cil-0195-weight-substrate-basis-2026-03-2,WEIGHT_SUBSTRATE_BASIS_2026-03-28a.md,.md,7267,2026-03-29T16:36:26.880497+00:00,d1af4d52be4c,doctrine,basis_doctrine,misc
cil-0196-weight-substrate-basis-2026-03-2,WEIGHT_SUBSTRATE_BASIS_2026-03-29a.md,.md,6936,2026-03-29T16:36:26.393273+00:00,58f5bd96db21,doctrine,basis_doctrine,misc
cil-0197-weight-substrate-basis-2026-03-2,WEIGHT_SUBSTRATE_BASIS_2026-03-29b.md,.md,2414,2026-03-29T16:36:26.194287+00:00,c1b7ef6a7c96,doctrine,basis_doctrine,misc
cil-0198-weight-substrate-basis-2026-03-2,WEIGHT_SUBSTRATE_BASIS_2026-03-29c.md,.md,1466,2026-03-29T16:36:25.686934+00:00,cafa37f4b1ce,doctrine,basis_doctrine,misc
cil-0199-weight-substrate-basis-2026-03-2,WEIGHT_SUBSTRATE_BASIS_2026-03-29g.md,.md,943,2026-03-29T16:36:24.303938+00:00,49993a6423e7,doctrine,basis_doctrine,misc
cil-0200-weight-substrate-basis-2026-03-2,WEIGHT_SUBSTRATE_BASIS_2026-03-29h.md,.md,704,2026-03-29T16:36:24.008841+00:00,340ae5ac810e,doctrine,basis_doctrine,misc
cil-0201-weight-substrate-basis-2026-03-2,WEIGHT_SUBSTRATE_BASIS_2026-03-29i.md,.md,776,2026-03-29T16:36:23.417080+00:00,c50f6121bb50,doctrine,basis_doctrine,misc
cil-0202-weight-substrate-basis-2026-03-2,WEIGHT_SUBSTRATE_BASIS_2026-03-29j.md,.md,823,2026-03-29T16:36:22.995571+00:00,724a15402b9c,doctrine,basis_doctrine,misc
cil-0203-weight-substrate-basis-2026-03-2,WEIGHT_SUBSTRATE_BASIS_2026-03-29k.md,.md,884,2026-03-29T16:36:22.611016+00:00,2c7ad3da7ff1,doctrine,basis_doctrine,misc
cil-0204-weight-substrate-basis-2026-03-2,WEIGHT_SUBSTRATE_BASIS_2026-03-29l.md,.md,1027,2026-03-29T16:36:22.085644+00:00,387de0dae648,doctrine,basis_doctrine,misc
cil-0205-weight-substrate-basis-2026-03-2,WEIGHT_SUBSTRATE_BASIS_2026-03-29m.md,.md,1008,2026-03-29T16:36:22.008717+00:00,e3efcce2a585,doctrine,basis_doctrine,misc
cil-0206-weight-substrate-basis-2026-03-2,WEIGHT_SUBSTRATE_BASIS_2026-03-29n.md,.md,984,2026-03-29T16:38:20.403371+00:00,d960ceee2cf8,doctrine,basis_doctrine,misc
cil-0207-weight-substrate-basis-2026-03-2,WEIGHT_SUBSTRATE_BASIS_2026-03-29s.md,.md,1181,2026-03-29T16:36:20.783363+00:00,9b58e207595e,doctrine,basis_doctrine,misc
cil-0208-weight-substrate-basis-2026-03-2,WEIGHT_SUBSTRATE_BASIS_2026-03-29t.md,.md,610,2026-03-29T16:36:20.668216+00:00,366e81ddd016,doctrine,basis_doctrine,misc
cil-0209-weight-substrate-index-2026-03-2,WEIGHT_SUBSTRATE_INDEX_2026-03-28a.md,.md,1061,2026-03-29T16:36:27.149167+00:00,04d0e7031b4f,control,index,control_layer
cil-0210-weight-substrate-index-2026-03-2,WEIGHT_SUBSTRATE_INDEX_2026-03-29a.md,.md,658,2026-03-29T16:36:26.725305+00:00,166c88407e69,control,index,control_layer
cil-0211-weight-substrate-index-2026-03-2,WEIGHT_SUBSTRATE_INDEX_2026-03-29c.md,.md,644,2026-03-29T16:36:26.181951+00:00,88456973e9da,control,index,control_layer
cil-0212-weight-substrate-index-2026-03-2,WEIGHT_SUBSTRATE_INDEX_2026-03-29g.md,.md,454,2026-03-29T16:36:24.720699+00:00,09bf6e5942ea,control,index,control_layer
cil-0213-weight-substrate-index-2026-03-2,WEIGHT_SUBSTRATE_INDEX_2026-03-29h.md,.md,411,2026-03-29T16:36:24.242785+00:00,28734eaadadb,control,index,control_layer
cil-0214-weight-substrate-index-2026-03-2,WEIGHT_SUBSTRATE_INDEX_2026-03-29i.md,.md,472,2026-03-29T16:36:23.539627+00:00,7cc50cbdc22b,control,index,control_layer
cil-0215-weight-substrate-index-2026-03-2,WEIGHT_SUBSTRATE_INDEX_2026-03-29j.md,.md,416,2026-03-29T16:36:23.288513+00:00,55b36828800f,control,index,control_layer
cil-0216-weight-substrate-index-2026-03-2,WEIGHT_SUBSTRATE_INDEX_2026-03-29k.md,.md,419,2026-03-29T16:36:22.682310+00:00,8ca492aaacc7,control,index,control_layer
cil-0217-weight-substrate-index-2026-03-2,WEIGHT_SUBSTRATE_INDEX_2026-03-29l.md,.md,437,2026-03-29T16:36:22.324340+00:00,9f1febdf4f94,control,index,control_layer
cil-0218-weight-substrate-white-paper-v0-,WEIGHT_SUBSTRATE_WHITE_PAPER_v0.1_2026-03-28a.md,.md,5877,2026-03-29T16:36:27.083633+00:00,ce3b5d6ecfa7,doctrine,white_paper,misc
cil-0219-weight-substrate-white-paper-v0-,WEIGHT_SUBSTRATE_WHITE_PAPER_v0.2_2026-03-29a.md,.md,6275,2026-03-29T16:36:26.685854+00:00,be9a99ced18f,doctrine,white_paper,misc
cil-0220-weight-substrate-white-paper-v0-,WEIGHT_SUBSTRATE_WHITE_PAPER_v0.4_2026-03-29c.md,.md,1114,2026-03-29T16:36:26.015898+00:00,54808cb949a1,doctrine,white_paper,misc
cil-0221-weight-substrate-white-paper-v0-,WEIGHT_SUBSTRATE_WHITE_PAPER_v0.5_2026-03-29g.md,.md,892,2026-03-29T16:36:24.609636+00:00,79fe08f59939,doctrine,white_paper,misc
cil-0222-weight-substrate-white-paper-v0-,WEIGHT_SUBSTRATE_WHITE_PAPER_v0.6_2026-03-29h.md,.md,734,2026-03-29T16:36:24.147085+00:00,4a3ff1ca9305,doctrine,white_paper,misc
cil-0223-weight-substrate-white-paper-v0-,WEIGHT_SUBSTRATE_WHITE_PAPER_v0.7_2026-03-29i.md,.md,682,2026-03-29T16:36:23.492485+00:00,bcbedcf0509c,doctrine,white_paper,misc
cil-0224-weight-substrate-white-paper-v0-,WEIGHT_SUBSTRATE_WHITE_PAPER_v0.8_2026-03-29j.md,.md,755,2026-03-29T16:36:23.302959+00:00,a27cbf205b35,doctrine,white_paper,misc
cil-0225-weight-substrate-white-paper-v0-,WEIGHT_SUBSTRATE_WHITE_PAPER_v0.9_2026-03-29k.md,.md,757,2026-03-29T16:36:22.772537+00:00,398e893eec7b,doctrine,white_paper,misc
cil-0226-weight-substrate-white-paper-v1-,WEIGHT_SUBSTRATE_WHITE_PAPER_v1.0_2026-03-29l.md,.md,821,2026-03-29T16:36:22.196137+00:00,9901b46854e2,doctrine,white_paper,misc
cil-0227-weight-shadow-addendum-2026-03-2,Weight-Shadow-Addendum-2026-03-28a.md,.md,2214,2026-03-29T16:36:26.961243+00:00,c59f22d6dade,control,addendum,control_layer
cil-0228-weight-shadow-addendum-2026-03-2,Weight-Shadow-Addendum-2026-03-29a.md,.md,2057,2026-03-29T16:36:26.575904+00:00,9a0b34719be9,control,addendum,control_layer
cil-0229-weight-shadow-addendum-2026-03-2,Weight-Shadow-Addendum-2026-03-29c.md,.md,986,2026-03-29T16:36:26.024174+00:00,48434d1111c6,control,addendum,control_layer
cil-0230-weight-shadow-addendum-2026-03-2,Weight-Shadow-Addendum-2026-03-29g.md,.md,741,2026-03-29T16:36:24.582300+00:00,a8b1bd552c64,control,addendum,control_layer
cil-0231-weight-shadow-addendum-2026-03-2,Weight-Shadow-Addendum-2026-03-29h.md,.md,482,2026-03-29T16:36:24.155353+00:00,7e16ca335a37,control,addendum,control_layer
cil-0232-weight-shadow-addendum-2026-03-2,Weight-Shadow-Addendum-2026-03-29i.md,.md,532,2026-03-29T16:36:23.428797+00:00,7b8e750e4620,control,addendum,control_layer
cil-0233-weight-shadow-addendum-2026-03-2,Weight-Shadow-Addendum-2026-03-29j.md,.md,541,2026-03-29T16:36:23.032784+00:00,435b918b8fbc,control,addendum,control_layer
cil-0234-weight-shadow-addendum-2026-03-2,Weight-Shadow-Addendum-2026-03-29k.md,.md,523,2026-03-29T16:36:22.712562+00:00,a157fa5cc3af,control,addendum,control_layer
cil-0235-weight-shadow-addendum-2026-03-2,Weight-Shadow-Addendum-2026-03-29l.md,.md,380,2026-03-29T16:36:22.111820+00:00,724a38bb5c02,control,addendum,control_layer
cil-0236-weight-shadow-maintenance-note-2,Weight-Shadow-Maintenance-Note-2026-03-28a.md,.md,2325,2026-03-29T16:36:27.048916+00:00,40afa53e266e,document,markdown,control_layer
cil-0237-weight-shadow-maintenance-note-2,Weight-Shadow-Maintenance-Note-2026-03-29a.md,.md,1797,2026-03-29T16:36:26.789907+00:00,9dfa4e3f2470,document,markdown,control_layer
cil-0238-weight-shadow-maintenance-note-2,Weight-Shadow-Maintenance-Note-2026-03-29c.md,.md,794,2026-03-29T16:36:25.995749+00:00,dca2b8465e9f,document,markdown,control_layer
cil-0239-weight-shadow-research-crosswalk,Weight-Shadow-Research-Crosswalk-2026-03-28a.md,.md,6420,2026-03-29T16:36:26.902950+00:00,d52a754d77c7,document,markdown,misc
cil-0240-weight-shadow-research-crosswalk,Weight-Shadow-Research-Crosswalk-2026-03-29a.md,.md,5064,2026-03-29T16:36:26.496414+00:00,e91f527f538e,document,markdown,misc
cil-0241-weight-shadow-research-crosswalk,Weight-Shadow-Research-Crosswalk-2026-03-29b.md,.md,2327,2026-03-29T16:36:26.196151+00:00,7fedaf9ec284,document,markdown,misc
cil-0242-weight-shadow-trace-matrix-2026-,Weight-Shadow-Trace-Matrix-2026-03-28a.md,.md,6054,2026-03-29T16:36:26.858408+00:00,1bb99fad9145,document,markdown,misc
cil-0243-weight-shadow-trace-matrix-2026-,Weight-Shadow-Trace-Matrix-2026-03-29a.md,.md,7114,2026-03-29T16:36:26.490544+00:00,1de7b88ff75b,document,markdown,misc
cil-0244-weight-shadow-trace-matrix-2026-,Weight-Shadow-Trace-Matrix-2026-03-29b.md,.md,7156,2026-03-29T16:36:26.225299+00:00,bb23a9dff43b,document,markdown,misc
cil-0245-weight-shadow-trace-matrix-2026-,Weight-Shadow-Trace-Matrix-2026-03-29c.md,.md,1831,2026-03-29T16:36:25.903379+00:00,e7b7ca7cc025,document,markdown,misc
cil-0246-weight-shadow-trace-matrix-2026-,Weight-Shadow-Trace-Matrix-2026-03-29g.md,.md,830,2026-03-29T16:36:24.582413+00:00,7762037b1b3b,document,markdown,misc
cil-0247-weight-shadow-trace-matrix-2026-,Weight-Shadow-Trace-Matrix-2026-03-29h.md,.md,901,2026-03-29T16:36:24.108944+00:00,44c4fc9c6ff7,document,markdown,misc
cil-0248-weight-shadow-trace-matrix-2026-,Weight-Shadow-Trace-Matrix-2026-03-29i.md,.md,1049,2026-03-29T16:36:23.499365+00:00,fc80db8c393d,document,markdown,misc
cil-0249-weight-shadow-trace-matrix-2026-,Weight-Shadow-Trace-Matrix-2026-03-29j.md,.md,1127,2026-03-29T16:36:23.192528+00:00,06f7f26c49c4,document,markdown,misc
cil-0250-weight-shadow-trace-matrix-2026-,Weight-Shadow-Trace-Matrix-2026-03-29k.md,.md,1124,2026-03-29T16:36:22.746790+00:00,8496fa80af2f,document,markdown,misc
cil-0251-weight-shadow-trace-matrix-2026-,Weight-Shadow-Trace-Matrix-2026-03-29l.md,.md,1162,2026-03-29T16:36:22.193099+00:00,129dc49988cd,document,markdown,misc
cil-0252-weight-source-thread-genealogy-2,Weight-Source-Thread-Genealogy-2026-03-29a.md,.md,2725,2026-03-29T16:36:26.782497+00:00,a9afa6f86c38,document,markdown,misc
cil-0253-weight-thesis-research-crosswalk,Weight_Thesis_Research_Crosswalk_2026-03-28.md,.md,12882,2026-03-29T16:36:27.174515+00:00,c855455bbac7,document,markdown,misc
cil-0254-forge-model-weight-consumption,forge (model weight consumption).zip,.zip,110359,2026-03-29T16:36:26.609063+00:00,50b1f65ad675,package,zip_bundle,misc
cil-0255-pagesaver-13,pagesaver(13).md,.md,11328,2026-03-29T16:36:22.306943+00:00,a52c02902f05,document,markdown,misc
cil-0256-tq2-reference-semantics-2026-03-,tq2_reference_semantics_2026-03-29d.py,.py,10395,2026-03-29T16:38:21.093782+00:00,3cd98a7cbd7b,other,py,misc
cil-0257-tq2-reference-semantics-demo-out,tq2_reference_semantics_demo_outputs_2026-03-29d.json,.json,35021,2026-03-29T16:38:20.977654+00:00,5213330fc959,result,json,misc
cil-0258-tq2-reference-semantics-v2-2026-,tq2_reference_semantics_v2_2026-03-29e.py,.py,10036,2026-03-29T16:36:25.032343+00:00,86e758d5da61,other,py,misc
cil-0259-tq2-reference-semantics-v3-2026-,tq2_reference_semantics_v3_2026-03-29f.py,.py,1984,2026-03-29T16:38:20.521819+00:00,e0dad55c8c85,other,py,misc
cil-0260-tq2-substrate-probe-results,tq2_substrate_probe_results.csv,.csv,654,2026-03-29T16:38:21.161221+00:00,3bb27b645abd,result,table_csv,misc
cil-0261-z80ai-main,z80ai-main.zip,.zip,340447,2026-03-29T16:36:26.208110+00:00,872d0d350109,package,zip_bundle,misc
cil-0262-z80ai-main-monolith-1,z80ai-main_MONOLITH (1).pdf,.pdf,883306,2026-03-29T16:36:26.150257+00:00,85b03b0020e1,other,pdf,misc
cil-0263-z80ai-main-monolith,z80ai-main_MONOLITH.md,.md,929624,2026-03-29T16:36:27.050035+00:00,7cba26eec9b1,document,markdown,misc
cil-0264-z80ai-main-monolith,z80ai-main_MONOLITH.pdf,.pdf,883306,2026-03-29T16:36:26.112611+00:00,85b03b0020e1,other,pdf,misc
